{
  "rag": {
    "total_queries": 7,
    "avg_overlap": 0.3210418809433588,
    "avg_recall": 0.9285714285714286
  },
  "recs": {
    "total_users": 3,
    "avg_recs": 3.0,
    "avg_unique": 3.0
  }
}